people/nom,people/prenom,people/matricule
Rosene,Ethban,1
Selma,Zetta,2
Eolanda,Truc,3
Madeleine,Mayeda,4
Lesly,Shaver,5
Dorice,Naashom,6
Gretal,Ade,7
Althea,Obed,8
Claresta,Adamsen,9
Oralee,Gahl,10
Georgina,Kiyoshi,11
Roslyn,Jalbert,12
Frank,Yoko,13
Josephine,Rooney,14
Ashlee,Sheedy,15
Marguerite,Vharat,16
Gilligan,Joeann,17
Deirdre,Anis,18
Lily,Calhoun,19
Harrietta,Iiette,20
Drucie,Rese,21
Asia,Curren,22
Genevra,Vilma,23
Micheline,Linskey,24
Myrtice,Sherrie,25
Meghann,Girardo,26
Jaclyn,Whittaker,27
Arlina,Madelene,28
Nollie,Rubie,29
Vinita,Georas,30
Myrtice,Halsey,31
Tilly,Teryn,32
Calla,Teddman,33
Calla,Rona,34
Raquela,Mata,35
Merle,Tamsky,36
Madeleine,Eckblad,37
Lizzie,Lia,38
Charmaine,Malanie,39
Jennica,Ophelia,40
Iseabal,Roarke,41
Morganica,Chesna,42
Briney,Weide,43
Margalo,Zaslow,44
Stevana,Damarra,45
Dale,Strephon,46
Amalie,Schonfeld,47
Candi,Berl,48
Starla,Hepsibah,49
Antonietta,Monk,50
Susan,Ailyn,51
Goldie,Gualtiero,52
Nollie,Bandeen,53
Josephine,Septima,54
Aeriela,Tarrant,55
Adriana,Wenda,56
Gaylene,Philoo,57
Kaia,Ahab,58
Alyssa,Brady,59
Gavrielle,Orelee,60
Merrie,Bobbee,61
Ida,Malanie,62
Mathilda,Alva,63
Kaia,Margret,64
Marnia,Maurine,65
Nannie,Hedve,66
Marcelline,Cloris,67
Carol-Jean,Kosey,68
Marnia,Jacinda,69
Brietta,Henebry,70
Juliane,Wenoa,71
Tonia,Jena,72
Marika,O'Neill,73
Norine,Marden,74
Flory,Rheingold,75
Regina,Hathaway,76
Cherilyn,Klemperer,77
Neila,Keily,78
Lynea,Brodench,79
Britni,Stoller,80
Estell,Chem,81
Christy,Dielu,82
Jinny,Salvidor,83
Doro,Karl,84
Elyssa,Melleta,85
Anica,Sheng,86
Peri,Konyn,87
Cassandra,Danby,88
Ebonee,Suk,89
Nariko,Zeeba,90
Di,Zachary,91
Anthia,Milde,92
Vivia,Arne,93
Julieta,Kaja,94
Tamqrah,Nore,95
Cacilie,Ursulette,96
Margarette,Kazimir,97
Bernie,Raseda,98
Brynna,Braun,99
Lisette,Hachmin,100
